name,phone,town
Esi Tetteh,+233 0545881399,Sunyani
Abena Mensah,+233269730911,Sunyani
Adwoa Owusu,00233265364556,Ho
Kojo Mensah,+233 0501884472,Sunyani
Akosua Ansah,+233505761698,Sunyani
Yaa Boateng,0266846978,Sunyani
Efua Owusu,055 081 9672,Ho
Afia Ofori,00233267848648,Sunyani
Abena Ansah,+233 0276344002,Takoradi
Efua Adjei,0503477876,Tamale
Kofi Boakye,261784726,Tamale
Yaa Ansah,265136270,Sunyani
Kwabena Mensah,(054) 933-1908,Tamale
Kojo Owusu,00233262837929,Takoradi
Akosua Mensah,055 294 8662,Kumasi
Abena Appiah,+233 27 105 5008,Kumasi
Ama Ofori,+233 0267992298,Cape Coast
Abena Boakye,0591860320,Accra
Akosua Adjei,233260283822,Takoradi
Akua Darko,576164252,Tamale
Efua Owusu,+233 26 258 7718,Sunyani
Kwame Appiah,233593017568,Sunyani
Akua Quaye,00233555898319,Ho
Akosua Asante,+233599494821,Kumasi
Nana Appiah,+233 24 521 8549,Accra
Yaw Mensah,,Tamale
Kwame Darko,+233 0541895579,Tamale
Kwame Tetteh,(059) 976-1584,Ho
Esi Appiah,0270454146,Accra
Yaa Boakye,(057) 012-9110,Ho
Adwoa Boateng,020-069-2566,Sunyani
Kwame Mensah,055 280 8864,Tamale
Kwame Boakye,00233577645291,Sunyani
Adwoa Ansah,057 458 5003,Sunyani
Adwoa Ofori,556538453,Cape Coast
Efua Ansah,(026) 943-2627,Ho
Nana Mensah,+233270214584,Cape Coast
Akua Boakye,00233599490668,Ho
Afia Quaye,0558112658,Ho
Afia Boakye,059 244 8452,Kumasi
Kwabena Mensah,233266582802,Kumasi
Yaw Asante,+233 0570515438,Kumasi
Abena Ofori,(050) 711-6494,Kumasi
Akua Ofori,+233578357951,Sunyani
Akosua Appiah,204325688,Accra
Afia Quaye,597355696,Ho
Adwoa Adjei,00233556451547,Accra
Kwame Ansah,050-281-4497,Ho
Kwame Darko,(050) 651-7883,Ho
Efua Ofori,055-048-4259,Sunyani
Yaw Ofori,2650031,Cape Coast
Ama Boateng,233209518380,Takoradi
Kwabena Owusu,00233599241968,Kumasi
Ama Appiah,(020) 602-8837,Tamale
Akua Appiah,2647540,Tamale
Efua Owusu,026-354-8643,Ho
Ama Boakye,578479188,Tamale
Nana Quaye,+233502182488,Accra
Akua Tetteh,+233 24 733 6882,Takoradi
Esi Tetteh,+233 0558556898,Accra
Afia Appiah,00233552900442,Accra
Kwame Adjei,00233262202269,Accra
Kwame Ofori,00233575817625,Kumasi
Akosua Boakye,+233241594502,Takoradi
Afia Darko,059-233-7352,Takoradi
Afia Boateng,050 347 8971,Kumasi
Kwame Ansah,054-592-1236,Accra
Abena Asante,(020) 456-0787,Kumasi
Afia Boakye,0218357699,Cape Coast
Efua Adjei,+233504177588,Tamale
Abena Quaye,+233 0241901879,Takoradi
Efua Adjei,00233570252016,Kumasi
Ama Tetteh,024 198 1524,Takoradi
Abena Boateng,233596385607,Sunyani
Akosua Tetteh,054 979 6780,Kumasi
Kwame Appiah,+233 0577243854,Cape Coast
Abena Darko,233572819539,Sunyani
Esi Adjei,233541660330,Tamale
Ama Tetteh,0544203817,Takoradi
Yaw Mensah,+233 57 037 0412,Tamale
Abena Mensah,024 741 8288,Cape Coast
Akosua Ansah,5038671,Kumasi
Akosua Adjei,(026) 922-3283,Ho
Efua Ofori,055 710 5129,Sunyani
Afia Ofori,+233555278120,Ho
Kofi Darko,027 958 5190,Accra
Nana Tetteh,(020) 999-2480,Accra
Kofi Owusu,269137298,Accra
Kwabena Darko,+233 24 984 2640,Ho
Kojo Ofori,024-791-1357,Sunyani
Kofi Quaye,233264479674,Cape Coast
Akosua Asante,024 334 6352,Cape Coast
Afia Adjei,050-863-9848,Tamale
Adwoa Quaye,026-328-4093,Accra
Kojo Darko,00233266709409,Accra
Akosua Ansah,0578498556,Takoradi
Kofi Boateng,0279538965,Accra
Esi Owusu,0557967268,Kumasi
Akosua Boateng,+233543617958,Tamale
Efua Boateng,+233200115276,Sunyani
Abena Owusu,577592115,Cape Coast
Abena Appiah,272107617,Ho
Kofi Appiah,054-062-6148,Accra
Nana Owusu,(024) 299-4461,Takoradi
Esi Asante,+233 0549945699,Cape Coast
Yaw Tetteh,+233 27 408 9487,Sunyani
Kwame Boateng,026 258 4441,Cape Coast
Ama Darko,+233505156697,Sunyani
Akua Adjei,(026) 959-6505,Sunyani
Esi Ansah,+233 26 056 7090,Sunyani
Yaw Mensah,2415646,Kumasi
Esi Boakye,00233592059871,Cape Coast
Yaa Tetteh,+233244216311,Ho
Adwoa Ofori,00233270278046,Accra
Kofi Ofori,0246424829,Cape Coast
Afia Ofori,+233 27 772 0412,Cape Coast
Ama Darko,+233553524013,Kumasi
Kojo Ansah,+233245914833,Cape Coast
Esi Adjei,054 813 7852,Ho
Abena Owusu,(054) 649-7533,Ho
Adwoa Mensah,559480853,Tamale
Kofi Ofori,055-476-1341,Tamale
Nana Ansah,020 420 1461,Kumasi
Adwoa Appiah,024-530-5147,Cape Coast
Efua Appiah,(059) 059-7760,Accra
Akosua Ofori,0574885681,Ho
Kofi Adjei,(024) 907-2761,Kumasi
Abena Appiah,00233596334370,Accra
Esi Darko,027-239-4246,Accra
Kojo Appiah,546653989,Ho
Afia Boateng,059 581 3421,Tamale
Ama Tetteh,277704410,Sunyani
Kofi Tetteh,+233 54 688 6561,Kumasi
Kwame Boakye,+233 57 235 9534,Tamale
Kojo Adjei,233559474781,Takoradi
Kwame Owusu,00233242619568,Kumasi
Kofi Ofori,+233 0240520070,Sunyani
Yaw Mensah,0243927330,Tamale
Kojo Darko,+233578778166,Accra
Kwame Adjei,0501102038,Kumasi
Abena Owusu,059-004-2637,Tamale
Afia Owusu,00233502930126,Sunyani
Afia Quaye,+233 0559770579,Accra
Adwoa Owusu,599813370,Cape Coast
Abena Mensah,+233 27 158 1299,Ho
Efua Appiah,027 755 4850,Kumasi
Afia Owusu,00233277682597,Accra
Esi Asante,233201726436,Cape Coast
Afia Adjei,0249208242,Accra
Kwame Boakye,0212837095,Kumasi
Nana Ansah,578987041,Kumasi
Afia Boateng,054-332-5269,Ho
Akosua Boakye,+233 0268276082,Kumasi
Kwabena Asante,0211385607,Accra
Kojo Darko,576969534,Sunyani
Akosua Boateng,0505013510,Ho
Kofi Darko,(026) 171-1243,Tamale
Kojo Boateng,(057) 509-8680,Kumasi
Kofi Appiah,2710302,Sunyani
Efua Owusu,+233 55 051 1482,Sunyani
Akosua Tetteh,00233573419082,Ho
Nana Boakye,00233543521222,Ho
Ama Adjei,0273787760,Accra
Kojo Owusu,020-685-4242,Ho
Efua Tetteh,0219744766,Takoradi
Yaa Darko,5439360,Tamale
Yaw Ansah,026 096 0564,Takoradi
Akosua Adjei,+233 0556877109,Tamale
Akosua Ansah,2069403,Accra
Ama Owusu,055-660-7568,Takoradi
Yaa Darko,020 807 8820,Accra
Abena Owusu,+233 0550987695,Kumasi
Akua Ansah,2409897,Sunyani
Esi Adjei,+233 0552070169,Tamale
Kofi Ofori,055 782 0624,Sunyani
Nana Ofori,264664323,Takoradi
Adwoa Darko,+233 0551415344,Takoradi
Kwabena Owusu,055 521 8990,Accra
Esi Boateng,027 686 9227,Sunyani
Adwoa Tetteh,233542947150,Sunyani
Abena Quaye,(050) 292-0742,Cape Coast
Afia Darko,0597176345,Ho
Akosua Mensah,+233 20 501 1459,Sunyani
Ama Owusu,00233275845007,Tamale
Akua Boakye,+233 57 101 3315,Kumasi
Kofi Mensah,0573781959,Kumasi
Ama Tetteh,504446151,Ho
Efua Boakye,0599210254,Cape Coast
Nana Owusu,055 188 9049,Sunyani
Ama Owusu,+233 0202373369,Takoradi
Kwame Appiah,00233575424744,Cape Coast
Afia Asante,020-980-6558,Sunyani
Afia Boateng,050-284-5618,Tamale
Yaa Tetteh,2456135,Tamale
Yaa Owusu,556698143,Tamale
Esi Boakye,00233590747776,Takoradi
Adwoa Boakye,054 804 4186,Tamale
Adwoa Appiah,+233 0246956314,Tamale
Kwabena Tetteh,271807567,Tamale
Esi Appiah,+233 27 641 2202,Accra
Akosua Ansah,508025797,Cape Coast
Esi Boakye,268499961,Tamale
Adwoa Ansah,+233 50 756 6055,Accra
Nana Asante,027-708-8785,Tamale
Akosua Boakye,020 871 7748,Tamale
Yaa Mensah,233243201917,Accra
Esi Appiah,507505807,Ho
Kwabena Quaye,+233 0205791016,Accra
Yaw Appiah,+233 57 327 1745,Sunyani
Abena Tetteh,054-159-3787,Tamale
Ama Asante,+233 26 147 3231,Sunyani
Kojo Boateng,0577713274,Sunyani
Efua Owusu,024 964 2824,Tamale
Afia Quaye,+233 59 359 1838,Tamale
Kofi Asante,264415866,Tamale
Kwabena Darko,055-042-6511,Sunyani
Afia Appiah,0508359027,Accra
Yaw Mensah,00233576594605,Kumasi
Afia Asante,233247146555,Accra
Kojo Quaye,(020) 888-3022,Sunyani
Kwame Appiah,024 898 2338,Sunyani
Kojo Ansah,(024) 619-2275,Sunyani
Ama Tetteh,+233 0594474451,Sunyani
Afia Darko,050 939 2981,Kumasi
Esi Mensah,059-873-0375,Tamale
Akosua Owusu,268605183,Accra
Kwame Tetteh,503982575,Ho
Abena Ofori,233263080908,Accra
Adwoa Ansah,055-644-5274,Sunyani
Kojo Boakye,+233244310417,Ho
Abena Darko,(055) 251-5216,Takoradi
Esi Quaye,(050) 260-5818,Sunyani
Kofi Boateng,+233 0598329907,Kumasi
Akosua Adjei,265706016,Tamale
Abena Tetteh,+233269783768,Takoradi
Akosua Tetteh,+233 0270342365,Takoradi
Kofi Appiah,+233 24 268 3754,Tamale
Adwoa Boateng,026-733-3743,Kumasi
Yaw Owusu,020 461 8118,Takoradi
Kwabena Owusu,057 205 4049,Takoradi
Abena Boateng,+233577078443,Takoradi
Ama Owusu,026-512-7255,Takoradi
Efua Asante,,Takoradi
Nana Darko,027-279-7367,Cape Coast
Akua Owusu,+233 0261697316,Cape Coast
Kojo Quaye,574099379,Takoradi
Kojo Boakye,00233552459004,Sunyani
Kojo Boateng,0570782695,Cape Coast
Abena Darko,0264402521,Accra
Esi Ofori,0576535190,Takoradi
Kofi Darko,+233 0543750499,Accra
Abena Ansah,0556249217,Cape Coast
Kwabena Asante,233264549284,Ho
Kojo Boateng,0500435197,Tamale
Akua Appiah,+233 0598172168,Takoradi
Nana Appiah,057 162 1048,Sunyani
Kwame Asante,0214787530,Sunyani
Afia Owusu,0267574887,Kumasi
Kwame Darko,057 102 3209,Tamale
Afia Ofori,00233207712376,Sunyani
Kofi Adjei,00233550453316,Sunyani
Kwabena Boakye,+233203376001,Kumasi
Afia Asante,027 661 2055,Cape Coast
Kofi Asante,055-507-0146,Takoradi
Adwoa Asante,050-249-1381,Kumasi
Yaw Quaye,059 258 8327,Accra
Kojo Adjei,233575100294,Accra
Akua Ansah,0544313577,Sunyani
Yaw Mensah,(059) 579-9961,Cape Coast
Esi Boakye,233505211116,Tamale
Kofi Asante,+233200156721,Ho
Adwoa Owusu,+233 54 168 4455,Cape Coast
Efua Adjei,+233 0507083409,Accra
Abena Ansah,+233 20 911 9070,Tamale
Adwoa Boateng,5504049,Tamale
Yaw Boakye,,Tamale
Kojo Owusu,027-842-0340,Tamale
Akosua Asante,(055) 497-7053,Ho
Abena Mensah,0240110875,Sunyani
Nana Ofori,233241537910,Kumasi
Kojo Appiah,0262245994,Accra
Akosua Adjei,233591313900,Ho
Kwame Darko,020-081-8695,Sunyani
Adwoa Boakye,027-132-4965,Ho
Nana Asante,026 995 1794,Kumasi
Yaa Mensah,0247725755,Kumasi
Yaa Ofori,233573034549,Tamale
Kofi Adjei,(024) 777-3944,Ho
Afia Adjei,0218159641,Ho
Efua Darko,(024) 751-2280,Ho
Esi Appiah,024-363-4546,Ho
Akosua Ofori,+233262130516,Takoradi
Yaw Boakye,,Ho
Yaw Ofori,233279965386,Takoradi
Akosua Mensah,(057) 583-4275,Sunyani
Akosua Boakye,+233 0594960237,Kumasi
Kojo Quaye,233591785710,Kumasi
Akua Ansah,233578478552,Tamale
Yaa Boateng,059-959-8932,Kumasi
Abena Appiah,249511790,Sunyani
Efua Boateng,+233 55 162 1446,Ho
Esi Quaye,+233 50 965 4620,Tamale
Ama Ansah,233576422386,Cape Coast
Afia Adjei,027 649 5071,Cape Coast
Akosua Adjei,0596863678,Kumasi
Kofi Boakye,00233263596485,Cape Coast
Kwame Mensah,+233571206419,Tamale
Yaa Boateng,233554900751,Kumasi
Kojo Adjei,+233 55 410 8040,Ho
Akua Boateng,00233576071964,Kumasi
Ama Adjei,233574531453,Tamale
Esi Quaye,(054) 211-7405,Accra
Kofi Tetteh,0244204687,Kumasi
Adwoa Adjei,+233 0555157897,Cape Coast
Esi Adjei,027-402-6718,Kumasi
Abena Adjei,0218596903,Cape Coast
Akosua Appiah,+233 54 979 5100,Cape Coast
Akua Adjei,057 658 4619,Cape Coast
Yaa Darko,233543278538,Accra
Efua Adjei,+233207698604,Cape Coast
Afia Boakye,00233271241574,Cape Coast
Yaa Mensah,+233243270698,Accra
Nana Quaye,233557192724,Sunyani
Kojo Asante,057-968-6703,Ho
Afia Appiah,+233 0260575540,Kumasi
Nana Owusu,026 392 9239,Takoradi
Esi Boateng,024-905-7471,Kumasi
Kwame Adjei,020 985 0934,Kumasi
Akosua Boateng,+233 50 418 7359,Kumasi
Kofi Owusu,0551277926,Takoradi
Afia Ofori,(026) 446-5122,Cape Coast
Nana Appiah,+233248173621,Sunyani
Yaw Asante,233504860802,Ho
Kwabena Appiah,+233 20 565 0543,Accra
Afia Owusu,233542014129,Sunyani
Adwoa Tetteh,020 456 5338,Ho
Kofi Asante,0218377485,Accra
Akua Boakye,,Accra
Yaa Mensah,(024) 465-2390,Sunyani
Yaw Boateng,+233 57 554 7908,Cape Coast
Kofi Tetteh,+233 59 990 8416,Accra
Esi Ansah,+233 55 076 5364,Cape Coast
Akosua Mensah,+233 27 178 4041,Takoradi
Akua Darko,+233504268173,Sunyani
Kwame Asante,054-759-1150,Kumasi
Akua Appiah,+233 59 311 1454,Ho
Akosua Quaye,00233261816473,Tamale
Abena Mensah,059 298 4446,Tamale
Kojo Owusu,+233240620139,Accra
Adwoa Tetteh,059-250-1783,Accra
Afia Tetteh,059-687-6480,Kumasi
Ama Appiah,059-420-7794,Takoradi
Kojo Adjei,055 854 7667,Cape Coast
Adwoa Ansah,+233571023935,Ho
Yaw Asante,027 354 4644,Cape Coast
Yaw Appiah,203030494,Takoradi
Abena Mensah,233550710136,Sunyani
Ama Appiah,+233590461866,Sunyani
Esi Darko,00233596354926,Accra
Akosua Asante,+233 54 547 7127,Accra
Yaa Appiah,00233540229858,Kumasi
Efua Boakye,+233 24 882 8325,Cape Coast
Yaw Asante,00233595491465,Tamale
Kojo Asante,00233596318476,Tamale
Yaw Boakye,054-588-1819,Takoradi
Nana Quaye,+233 26 117 2942,Accra
Nana Boateng,595455620,Sunyani
Efua Asante,059 745 9260,Tamale
Esi Darko,233573851534,Tamale
Nana Boakye,00233274289429,Sunyani
Efua Asante,0263383662,Accra
Kojo Ofori,(055) 002-9978,Cape Coast
Yaa Ofori,(050) 042-1037,Accra
Kojo Boakye,00233557100171,Sunyani
Abena Asante,00233278350406,Tamale
Afia Ansah,+233 55 406 8630,Tamale
Kojo Owusu,050 381 0598,Takoradi
Kwabena Ofori,024 313 6249,Cape Coast
Yaw Ofori,027 030 8576,Tamale
Kojo Tetteh,233507897028,Kumasi
Kojo Asante,059 248 3407,Tamale
Ama Adjei,(054) 546-8278,Kumasi
Efua Quaye,0503737400,Sunyani
Kofi Appiah,+233 20 407 4113,Sunyani
Ama Tetteh,024-501-7141,Ho
Yaa Adjei,024-144-9425,Kumasi
Kojo Ansah,027-837-0839,Ho
Kojo Ofori,00233572857299,Ho
Ama Appiah,+233242654324,Takoradi
Kofi Appiah,(027) 049-6427,Kumasi
Nana Boateng,+233 0264727785,Accra
Kojo Ofori,5569518,Sunyani
Yaw Owusu,+233 55 387 3355,Accra
Adwoa Ofori,505902229,Cape Coast
Adwoa Appiah,233266565547,Takoradi
Efua Appiah,233262187870,Sunyani
Esi Ofori,024-299-3351,Tamale
Akosua Quaye,506500185,Ho
Kofi Boakye,057 119 1127,Tamale
Ama Boakye,059-113-0571,Ho
Ama Appiah,+233 27 100 6623,Kumasi
Kwame Ansah,557203023,Sunyani
Kwabena Ansah,264074078,Accra
Kofi Quaye,233575723973,Takoradi
Esi Ansah,024-134-0457,Tamale
Afia Adjei,020-706-7780,Kumasi
Afia Appiah,233570034997,Takoradi
Akosua Asante,+233545175075,Tamale
Esi Darko,0216674537,Takoradi
Akosua Tetteh,558204728,Kumasi
Abena Boateng,059-997-2463,Takoradi
Adwoa Asante,+233 0575304277,Accra
Yaw Appiah,+233 27 410 3517,Tamale
Afia Boakye,+233278382080,Accra
Esi Ansah,0500065308,Takoradi
Efua Asante,(020) 211-5263,Ho
Yaw Ofori,591806984,Tamale
Akua Tetteh,233550617667,Tamale
Abena Darko,246176411,Sunyani
Kojo Darko,+233 0591155126,Tamale
Nana Ofori,0593879522,Takoradi
Ama Boateng,0267288420,Tamale
Yaw Darko,504711112,Kumasi
Yaw Boateng,00233263542120,Sunyani
Efua Adjei,+233 59 231 9670,Sunyani
Kwabena Tetteh,2418785,Cape Coast
Yaa Ansah,+233 0200094923,Ho
Akua Owusu,2667634,Takoradi
Yaa Asante,0218728790,Tamale
Akua Tetteh,+233 27 570 8529,Kumasi
Kwabena Boateng,0503741837,Ho
Abena Asante,+233 59 207 1166,Takoradi
Kojo Boakye,0270394060,Ho
Kofi Adjei,00233549325827,Takoradi
Yaa Appiah,057-394-2567,Cape Coast
Nana Quaye,00233595035161,Tamale
Ama Asante,0577811585,Accra
Kojo Quaye,+233 50 270 4026,Tamale
Kwame Boateng,020 149 5054,Accra
Nana Appiah,243283266,Takoradi
Kofi Ofori,233263791123,Kumasi
Adwoa Ansah,(027) 564-4949,Sunyani
Abena Ansah,027-915-8937,Accra
Kofi Owusu,0214740718,Accra
Yaw Boakye,233248311404,Ho
Adwoa Asante,027 164 4715,Takoradi
Kojo Darko,+233 0207445786,Sunyani
Akosua Owusu,00233559721843,Tamale
Akua Tetteh,024-861-7214,Tamale
Kofi Boakye,+233 0200792112,Accra
Kojo Ansah,057 900 1258,Cape Coast
Akua Tetteh,501085629,Ho
Afia Appiah,024 211 9749,Tamale
Ama Adjei,(050) 658-4640,Sunyani
Kofi Adjei,233576925245,Sunyani
Yaa Ansah,+233 0265531308,Takoradi
Adwoa Quaye,054-211-3161,Cape Coast
Kwame Owusu,+233 57 138 6941,Takoradi
Yaw Appiah,00233200501165,Tamale
Kojo Mensah,(024) 950-2592,Ho
Nana Tetteh,00233505476335,Ho
Afia Boateng,059 510 5557,Accra
Efua Asante,(050) 671-0421,Takoradi
Ama Ofori,+233 54 743 8487,Takoradi
Akosua Ansah,233270973021,Takoradi
Kofi Adjei,245280024,Sunyani
Yaw Asante,+233 20 134 5407,Sunyani
Efua Owusu,(059) 489-9278,Accra
Kwame Appiah,00233552104979,Takoradi
Nana Boakye,596570034,Kumasi
Yaw Owusu,024-725-0111,Cape Coast
Adwoa Boateng,233263213944,Takoradi
Akua Tetteh,+233504061718,Takoradi
Kwame Darko,(024) 049-7459,Kumasi
Akosua Appiah,233248181872,Tamale
Akua Adjei,+233 0594139365,Accra
Adwoa Boateng,+233275899143,Kumasi
Abena Asante,+233273627700,Cape Coast
Afia Tetteh,(027) 178-1759,Cape Coast
Yaa Boakye,+233 27 070 4481,Cape Coast
Efua Appiah,057-083-5225,Accra
Adwoa Appiah,2795401,Ho
Efua Appiah,0559591425,Cape Coast
Afia Boateng,+233 26 980 4339,Accra
Kwabena Ofori,057-834-7220,Tamale
Kojo Mensah,233247386634,Kumasi
Abena Boakye,057-867-1900,Ho
Ama Owusu,055-185-2213,Kumasi
Kwame Quaye,(057) 580-8540,Kumasi
Akosua Asante,00233204448020,Sunyani
Kwame Tetteh,024 234 2426,Kumasi
Esi Ofori,233242575988,Takoradi
Kwame Quaye,+233 0547721105,Sunyani
Yaw Darko,059 019 3040,Sunyani
Akua Ofori,+233 0241392539,Takoradi
Abena Tetteh,059-386-6178,Tamale
Kwame Tetteh,(024) 486-5212,Kumasi
Yaa Appiah,+233 27 285 4375,Sunyani
Akua Boakye,057-212-9692,Accra
Yaw Boateng,+233 0501896023,Sunyani
