text,sender,received_at
Payment received for GHS 50.00 from ABENA MENSAH Current Balance: GHS 260.40 . Available Balance: GHS 260.40. Reference: Rice. Transaction ID: 51171267101. TRANSACTION FEE: 0.00,MobileMoney,2026-09-02T10:10:00
Payment received for GHS 20.00 from ABENA BOATENG Current Balance: GHS 280.40 . Available Balance: GHS 280.40. Reference: Provisions. Transaction ID: 51171331409. TRANSACTION FEE: 0.00,MobileMoney,2026-09-02T10:33:00
Payment received for GHS 150.00 from EFUA APPIAH Current Balance: GHS 430.40 . Available Balance: GHS 430.40. Reference: Oil. Transaction ID: 51171410162. TRANSACTION FEE: 0.00,MobileMoney,2026-09-02T11:56:00
Payment received for GHS 150.00 from YAW ASANTE Current Balance: GHS 580.40 . Available Balance: GHS 580.40. Reference: Goods. Transaction ID: 51171469350. TRANSACTION FEE: 0.00,MobileMoney,2026-09-03T10:44:00
Payment received for GHS 85.00 from AKUA DARKO Current Balance: GHS 665.40 . Available Balance: GHS 665.40. Reference: Payment. Transaction ID: 51171514938. TRANSACTION FEE: 0.00,MobileMoney,2026-09-03T13:13:00
Payment received for GHS 25.00 from ABENA MENSAH Current Balance: GHS 690.40 . Available Balance: GHS 690.40. Reference: Goods. Transaction ID: 51171559430. TRANSACTION FEE: 0.00,MobileMoney,2026-09-03T14:58:00
Payment received for GHS 40.00 from EFUA APPIAH Current Balance: GHS 730.40 . Available Balance: GHS 730.40. Reference: Oil. Transaction ID: 51171621194. TRANSACTION FEE: 0.00,MobileMoney,2026-09-04T09:18:00
"0000019449916124 Confirmed. You have received GHS70.00 from 233243270873 - EFUA APPIAH on 2026-09-04 at 09:53:00. Your Telecel Cash balance is GHS105.10.
Reference: 1.
Stay alert. Never share your PIN or OTP with anyone or click unknown links. Protect your personal information.",T-CASH,2026-09-04T09:53:00
"Payment for GHS438.00 to KUMASI WHOLESALE PROVISIONS .Current Balance: GHS 292.40. Transaction Id: 51171670855. Fee charged: GHS0.00,Tax Charged 0.Download the MoMo App for a Faster & Easier Experience. Click here: https://mtnmymomo.onelink.me/XJOt/MoMo",MobileMoney,2026-09-04T10:53:00
Payment received for GHS 15.00 from ABENA BOATENG Current Balance: GHS 307.40 . Available Balance: GHS 307.40. Reference: Goods. Transaction ID: 51171692875. TRANSACTION FEE: 0.00,MobileMoney,2026-09-05T10:46:00
Payment received for GHS 40.00 from YAW ASANTE Current Balance: GHS 347.40 . Available Balance: GHS 347.40. Reference: Goods. Transaction ID: 51171747525. TRANSACTION FEE: 0.00,MobileMoney,2026-09-06T10:12:00
Payment received for GHS 120.00 from ABENA MENSAH Current Balance: GHS 467.40 . Available Balance: GHS 467.40. Reference: Goods. Transaction ID: 51171833037. TRANSACTION FEE: 0.00,MobileMoney,2026-09-06T12:13:00
0000019450000630 Confirmed. You bought GHS10.00 of airtime for 233201234567 on 2026-09-06 at 14:13:00. Your Telecel Cash balance is GHS95.10.,T-CASH,2026-09-06T14:13:00
Transaction ID: 0000019450000630 confirmed from 555. You have received airtime of GHS10.00 from 233201234567 - AMA SERWAA on 2026-09-06 at 14:13:00.,T-CASH,2026-09-06T14:13:00
0000019450012309 Confirmed. GHS48.00 sent to 0541234567 - YAA MENSAH on MTN MOBILE MONEY on 2026-09-06 at 14:16:00. Your Telecel Cash balance is GHS46.86. You were charged GHS0.24. Your E-levy charge is GHS0.00. Do more with Telecel Cash! Reference: Upkeep . Sendi k3k3!,T-CASH,2026-09-06T14:16:00
Payment received for GHS 85.00 from AKUA DARKO Current Balance: GHS 552.40 . Available Balance: GHS 552.40. Reference: Rice. Transaction ID: 51171868378. TRANSACTION FEE: 0.00,MobileMoney,2026-09-07T09:00:00
Payment received for GHS 60.00 from AKUA DARKO Current Balance: GHS 612.40 . Available Balance: GHS 612.40. Reference: Provisions. Transaction ID: 51171934014. TRANSACTION FEE: 0.00,MobileMoney,2026-09-07T10:54:00
Payment received for GHS 150.00 from AFIA ASANTE Current Balance: GHS 762.40 . Available Balance: GHS 762.40. Reference: Rice. Transaction ID: 51171962585. TRANSACTION FEE: 0.00,MobileMoney,2026-09-07T12:58:00
Payment received for GHS 25.00 from ABENA MENSAH Current Balance: GHS 787.40 . Available Balance: GHS 787.40. Reference: Goods. Transaction ID: 51172023931. TRANSACTION FEE: 0.00,MobileMoney,2026-09-08T08:52:00
Payment received for GHS 20.00 from YAW ASANTE Current Balance: GHS 807.40 . Available Balance: GHS 807.40. Reference: Provisions. Transaction ID: 51172051765. TRANSACTION FEE: 0.00,MobileMoney,2026-09-08T11:02:00
Payment received for GHS 50.00 from AKUA DARKO Current Balance: GHS 857.40 . Available Balance: GHS 857.40. Reference: Oil. Transaction ID: 51172108531. TRANSACTION FEE: 0.00,MobileMoney,2026-09-08T12:14:00
Payment received for GHS 35.00 from AFIA ASANTE Current Balance: GHS 892.40 . Available Balance: GHS 892.40. Reference: Provisions. Transaction ID: 51172150189. TRANSACTION FEE: 0.00,MobileMoney,2026-09-08T13:06:00
Cash Out made for GHS100.00 to ADOM MOBILE MONEY ENTERPRISE . Current Balance: GHS791.40 Financial Transaction Id: 51172213598. Cash-out fee is charged automatically from your MTN MoMo wallet. Please do not pay any fees to the Agent. Thank you for using MTN MobileMoney. Fee charged: GHS1.00.,MobileMoney,2026-09-08T13:36:00
Payment received for GHS 150.00 from KOFI ASANTE Current Balance: GHS 941.40 . Available Balance: GHS 941.40. Reference: Oil. Transaction ID: 51172240152. TRANSACTION FEE: 0.00,MobileMoney,2026-09-09T09:03:00
Payment received for GHS 35.00 from KOFI MENSAH Current Balance: GHS 976.40 . Available Balance: GHS 976.40. Reference: Goods. Transaction ID: 51172290096. TRANSACTION FEE: 0.00,MobileMoney,2026-09-09T10:16:00
Payment received for GHS 60.00 from NANA BOATENG Current Balance: GHS 1036.40 . Available Balance: GHS 1036.40. Reference: Payment. Transaction ID: 51172343966. TRANSACTION FEE: 0.00,MobileMoney,2026-09-09T11:22:00
Payment received for GHS 150.00 from KWAME MENSAH Current Balance: GHS 1186.40 . Available Balance: GHS 1186.40. Reference: Goods. Transaction ID: 51172410208. TRANSACTION FEE: 0.00,MobileMoney,2026-09-10T09:42:00
Payment received for GHS 120.00 from YAW ASANTE Current Balance: GHS 1306.40 . Available Balance: GHS 1306.40. Reference: Provisions. Transaction ID: 51172451254. TRANSACTION FEE: 0.00,MobileMoney,2026-09-10T10:11:00
Payment received for GHS 35.00 from ESI ADJEI Current Balance: GHS 1341.40 . Available Balance: GHS 1341.40. Reference: Oil. Transaction ID: 51172457346. TRANSACTION FEE: 0.00,MobileMoney,2026-09-10T11:00:00
Payment received for GHS 150.00 from KOFI ASANTE Current Balance: GHS 1491.40 . Available Balance: GHS 1491.40. Reference: Provisions. Transaction ID: 51172543727. TRANSACTION FEE: 0.00,MobileMoney,2026-09-10T11:49:00
Cash In received for GHS 200.00 from ADOM MOBILE MONEY ENTERPRISE . Current Balance GHS 1691.40  Available Balance GHS 1691.40. Transaction ID: 51172564644. Fee charged: GHS 0. Cash in (Deposit) is a free transaction on MTN Mobile Money. Please do not pay any fees for it.,MobileMoney,2026-09-10T12:34:00
Payment received for GHS 25.00 from AFIA ASANTE Current Balance: GHS 1716.40 . Available Balance: GHS 1716.40. Reference: Provisions. Transaction ID: 51172607271. TRANSACTION FEE: 0.00,MobileMoney,2026-09-11T10:44:00
Payment received for GHS 40.00 from EFUA APPIAH Current Balance: GHS 1756.40 . Available Balance: GHS 1756.40. Reference: Payment. Transaction ID: 51172655456. TRANSACTION FEE: 0.00,MobileMoney,2026-09-11T12:36:00
"Payment for GHS1054.00 to KUMASI WHOLESALE PROVISIONS .Current Balance: GHS 702.40. Transaction Id: 51172707471. Fee charged: GHS0.00,Tax Charged 0.Download the MoMo App for a Faster & Easier Experience. Click here: https://mtnmymomo.onelink.me/XJOt/MoMo",MobileMoney,2026-09-11T13:36:00
Payment received for GHS 150.00 from AMA QUAYE Current Balance: GHS 852.40 . Available Balance: GHS 852.40. Reference: Payment. Transaction ID: 51172712394. TRANSACTION FEE: 0.00,MobileMoney,2026-09-12T09:33:00
Payment received for GHS 50.00 from ESI ADJEI Current Balance: GHS 902.40 . Available Balance: GHS 902.40. Reference: Rice. Transaction ID: 51172760223. TRANSACTION FEE: 0.00,MobileMoney,2026-09-12T10:44:00
Payment received for GHS 50.00 from NANA BOATENG Current Balance: GHS 952.40 . Available Balance: GHS 952.40. Reference: Oil. Transaction ID: 51172785578. TRANSACTION FEE: 0.00,MobileMoney,2026-09-12T12:14:00
Payment received for GHS 50.00 from AKUA DARKO Current Balance: GHS 1002.40 . Available Balance: GHS 1002.40. Reference: Rice. Transaction ID: 51172812942. TRANSACTION FEE: 0.00,MobileMoney,2026-09-12T13:29:00
Payment received for GHS 50.00 from EFUA APPIAH Current Balance: GHS 1052.40 . Available Balance: GHS 1052.40. Reference: Goods. Transaction ID: 51172893801. TRANSACTION FEE: 0.00,MobileMoney,2026-09-13T09:30:00
Payment received for GHS 50.00 from AMA QUAYE Current Balance: GHS 1102.40 . Available Balance: GHS 1102.40. Reference: Rice. Transaction ID: 51172920363. TRANSACTION FEE: 0.00,MobileMoney,2026-09-13T11:48:00
0000019450037545 Confirmed. You bought GHS10.00 of airtime for 233201234567 on 2026-09-13 at 13:48:00. Your Telecel Cash balance is GHS36.86.,T-CASH,2026-09-13T13:48:00
Transaction ID: 0000019450037545 confirmed from 555. You have received airtime of GHS10.00 from 233201234567 - AMA SERWAA on 2026-09-13 at 13:48:00.,T-CASH,2026-09-13T13:48:00
0000019450043283 Confirmed. GHS18.00 sent to 0541234567 - YAA MENSAH on MTN MOBILE MONEY on 2026-09-13 at 13:51:00. Your Telecel Cash balance is GHS18.77. You were charged GHS0.09. Your E-levy charge is GHS0.00. Do more with Telecel Cash! Reference: Upkeep . Sendi k3k3!,T-CASH,2026-09-13T13:51:00
Payment received for GHS 60.00 from AFIA ASANTE Current Balance: GHS 1162.40 . Available Balance: GHS 1162.40. Reference: Rice. Transaction ID: 51172924754. TRANSACTION FEE: 0.00,MobileMoney,2026-09-14T09:32:00
Payment received for GHS 40.00 from EFUA APPIAH Current Balance: GHS 1202.40 . Available Balance: GHS 1202.40. Reference: Goods. Transaction ID: 51172946860. TRANSACTION FEE: 0.00,MobileMoney,2026-09-14T10:42:00
Payment received for GHS 35.00 from KOFI MENSAH Current Balance: GHS 1237.40 . Available Balance: GHS 1237.40. Reference: Goods. Transaction ID: 51173008759. TRANSACTION FEE: 0.00,MobileMoney,2026-09-14T13:06:00
"0000019450061919 Confirmed. You have received GHS70.00 from 233274874020 - KOFI MENSAH on 2026-09-14 at 13:36:00. Your Telecel Cash balance is GHS88.77.
Reference: 1.
Stay alert. Never share your PIN or OTP with anyone or click unknown links. Protect your personal information.",T-CASH,2026-09-14T13:36:00
Payment received for GHS 40.00 from ABENA BOATENG Current Balance: GHS 1277.40 . Available Balance: GHS 1277.40. Reference: Payment. Transaction ID: 51173061169. TRANSACTION FEE: 0.00,MobileMoney,2026-09-15T10:22:00
Payment received for GHS 15.00 from ABENA MENSAH Current Balance: GHS 1292.40 . Available Balance: GHS 1292.40. Reference: Rice. Transaction ID: 51173082084. TRANSACTION FEE: 0.00,MobileMoney,2026-09-15T11:37:00
Payment received for GHS 85.00 from ESI ADJEI Current Balance: GHS 1377.40 . Available Balance: GHS 1377.40. Reference: Oil. Transaction ID: 51173144704. TRANSACTION FEE: 0.00,MobileMoney,2026-09-15T11:57:00
Payment received for GHS 150.00 from AKUA DARKO Current Balance: GHS 1527.40 . Available Balance: GHS 1527.40. Reference: Provisions. Transaction ID: 51173222648. TRANSACTION FEE: 0.00,MobileMoney,2026-09-15T12:29:00
"0000019450068924 Confirmed. You have received GHS70.00 from 233572610347 - NANA BOATENG on 2026-09-15 at 13:16:00. Your Telecel Cash balance is GHS158.77.
Reference: 1.
Stay alert. Never share your PIN or OTP with anyone or click unknown links. Protect your personal information.",T-CASH,2026-09-15T13:16:00
Cash Out made for GHS100.00 to ADOM MOBILE MONEY ENTERPRISE . Current Balance: GHS1426.40 Financial Transaction Id: 51173290086. Cash-out fee is charged automatically from your MTN MoMo wallet. Please do not pay any fees to the Agent. Thank you for using MTN MobileMoney. Fee charged: GHS1.00.,MobileMoney,2026-09-15T13:46:00
Payment received for GHS 50.00 from KOFI MENSAH Current Balance: GHS 1476.40 . Available Balance: GHS 1476.40. Reference: Provisions. Transaction ID: 51173313138. TRANSACTION FEE: 0.00,MobileMoney,2026-09-16T09:30:00
Payment received for GHS 60.00 from EFUA APPIAH Current Balance: GHS 1536.40 . Available Balance: GHS 1536.40. Reference: Oil. Transaction ID: 51173325419. TRANSACTION FEE: 0.00,MobileMoney,2026-09-16T11:17:00
Payment received for GHS 50.00 from ABENA MENSAH Current Balance: GHS 1586.40 . Available Balance: GHS 1586.40. Reference: Rice. Transaction ID: 51173400171. TRANSACTION FEE: 0.00,MobileMoney,2026-09-16T12:04:00
Payment received for GHS 60.00 from KOFI ASANTE Current Balance: GHS 1646.40 . Available Balance: GHS 1646.40. Reference: Oil. Transaction ID: 51173428813. TRANSACTION FEE: 0.00,MobileMoney,2026-09-17T08:47:00
Payment received for GHS 25.00 from KOFI ASANTE Current Balance: GHS 1671.40 . Available Balance: GHS 1671.40. Reference: Payment. Transaction ID: 51173461923. TRANSACTION FEE: 0.00,MobileMoney,2026-09-18T10:20:00
Payment received for GHS 25.00 from ABENA MENSAH Current Balance: GHS 1696.40 . Available Balance: GHS 1696.40. Reference: Oil. Transaction ID: 51173469692. TRANSACTION FEE: 0.00,MobileMoney,2026-09-18T12:00:00
Payment received for GHS 60.00 from KOFI MENSAH Current Balance: GHS 1756.40 . Available Balance: GHS 1756.40. Reference: Oil. Transaction ID: 51173535474. TRANSACTION FEE: 0.00,MobileMoney,2026-09-18T12:42:00
"0000019450119242 Confirmed. You have received GHS20.00 from 233544903108 - ABENA MENSAH on 2026-09-18 at 13:32:00. Your Telecel Cash balance is GHS178.77.
Reference: 1.
Stay alert. Never share your PIN or OTP with anyone or click unknown links. Protect your personal information.",T-CASH,2026-09-18T13:32:00
"Payment for GHS1054.00 to KUMASI WHOLESALE PROVISIONS .Current Balance: GHS 702.40. Transaction Id: 51173597104. Fee charged: GHS0.00,Tax Charged 0.Download the MoMo App for a Faster & Easier Experience. Click here: https://mtnmymomo.onelink.me/XJOt/MoMo",MobileMoney,2026-09-18T14:32:00
Payment received for GHS 40.00 from ABENA BOATENG Current Balance: GHS 742.40 . Available Balance: GHS 742.40. Reference: Goods. Transaction ID: 51173684951. TRANSACTION FEE: 0.00,MobileMoney,2026-09-19T09:59:00
Payment received for GHS 150.00 from NANA BOATENG Current Balance: GHS 892.40 . Available Balance: GHS 892.40. Reference: Oil. Transaction ID: 51173731754. TRANSACTION FEE: 0.00,MobileMoney,2026-09-19T11:49:00
Payment received for GHS 150.00 from YAW ASANTE Current Balance: GHS 1042.40 . Available Balance: GHS 1042.40. Reference: Rice. Transaction ID: 51173764978. TRANSACTION FEE: 0.00,MobileMoney,2026-09-19T14:05:00
Payment received for GHS 40.00 from AFIA ASANTE Current Balance: GHS 1082.40 . Available Balance: GHS 1082.40. Reference: Rice. Transaction ID: 51173802887. TRANSACTION FEE: 0.00,MobileMoney,2026-09-20T10:16:00
"0000019450151599 Confirmed. You have received GHS45.00 from 233249683864 - AFIA ASANTE on 2026-09-20 at 10:48:00. Your Telecel Cash balance is GHS223.77.
Reference: 1.
Stay alert. Never share your PIN or OTP with anyone or click unknown links. Protect your personal information.",T-CASH,2026-09-20T10:48:00
0000019450239421 Confirmed. You bought GHS10.00 of airtime for 233201234567 on 2026-09-20 at 12:48:00. Your Telecel Cash balance is GHS213.77.,T-CASH,2026-09-20T12:48:00
Transaction ID: 0000019450239421 confirmed from 555. You have received airtime of GHS10.00 from 233201234567 - AMA SERWAA on 2026-09-20 at 12:48:00.,T-CASH,2026-09-20T12:48:00
0000019450302284 Confirmed. GHS107.00 sent to 0541234567 - YAA MENSAH on MTN MOBILE MONEY on 2026-09-20 at 12:51:00. Your Telecel Cash balance is GHS106.23. You were charged GHS0.54. Your E-levy charge is GHS0.00. Do more with Telecel Cash! Reference: Upkeep . Sendi k3k3!,T-CASH,2026-09-20T12:51:00
Payment received for GHS 20.00 from KOFI MENSAH Current Balance: GHS 1102.40 . Available Balance: GHS 1102.40. Reference: Payment. Transaction ID: 51173809706. TRANSACTION FEE: 0.00,MobileMoney,2026-09-21T09:07:00
Payment received for GHS 25.00 from KWAME MENSAH Current Balance: GHS 1127.40 . Available Balance: GHS 1127.40. Reference: Goods. Transaction ID: 51173860722. TRANSACTION FEE: 0.00,MobileMoney,2026-09-21T09:42:00
Payment received for GHS 40.00 from ABENA MENSAH Current Balance: GHS 1167.40 . Available Balance: GHS 1167.40. Reference: Payment. Transaction ID: 51173910046. TRANSACTION FEE: 0.00,MobileMoney,2026-09-21T11:24:00
"0000019450360162 Confirmed. You have received GHS45.00 from 233249683864 - AFIA ASANTE on 2026-09-21 at 12:24:00. Your Telecel Cash balance is GHS151.23.
Reference: 1.
Stay alert. Never share your PIN or OTP with anyone or click unknown links. Protect your personal information.",T-CASH,2026-09-21T12:24:00
Payment received for GHS 120.00 from ESI ADJEI Current Balance: GHS 1287.40 . Available Balance: GHS 1287.40. Reference: Provisions. Transaction ID: 51173934701. TRANSACTION FEE: 0.00,MobileMoney,2026-09-22T09:32:00
Payment received for GHS 15.00 from AMA QUAYE Current Balance: GHS 1302.40 . Available Balance: GHS 1302.40. Reference: Rice. Transaction ID: 51173985924. TRANSACTION FEE: 0.00,MobileMoney,2026-09-22T11:29:00
Payment received for GHS 120.00 from EFUA APPIAH Current Balance: GHS 1422.40 . Available Balance: GHS 1422.40. Reference: Provisions. Transaction ID: 51174024322. TRANSACTION FEE: 0.00,MobileMoney,2026-09-22T12:14:00
Cash Out made for GHS100.00 to ADOM MOBILE MONEY ENTERPRISE . Current Balance: GHS1321.40 Financial Transaction Id: 51174075859. Cash-out fee is charged automatically from your MTN MoMo wallet. Please do not pay any fees to the Agent. Thank you for using MTN MobileMoney. Fee charged: GHS1.00.,MobileMoney,2026-09-22T12:44:00
Payment received for GHS 60.00 from ESI ADJEI Current Balance: GHS 1381.40 . Available Balance: GHS 1381.40. Reference: Oil. Transaction ID: 51174154611. TRANSACTION FEE: 0.00,MobileMoney,2026-09-23T09:41:00
Payment received for GHS 60.00 from EFUA APPIAH Current Balance: GHS 1441.40 . Available Balance: GHS 1441.40. Reference: Rice. Transaction ID: 51174236273. TRANSACTION FEE: 0.00,MobileMoney,2026-09-23T10:01:00
"0000019450363273 Confirmed. You have received GHS20.00 from 233577407604 - AMA QUAYE on 2026-09-23 at 10:59:00. Your Telecel Cash balance is GHS171.23.
Reference: 1.
Stay alert. Never share your PIN or OTP with anyone or click unknown links. Protect your personal information.",T-CASH,2026-09-23T10:59:00
Payment received for GHS 150.00 from KWAME MENSAH Current Balance: GHS 1591.40 . Available Balance: GHS 1591.40. Reference: Rice. Transaction ID: 51174313675. TRANSACTION FEE: 0.00,MobileMoney,2026-09-24T10:53:00
Payment received for GHS 50.00 from EFUA APPIAH Current Balance: GHS 1641.40 . Available Balance: GHS 1641.40. Reference: Oil. Transaction ID: 51174361795. TRANSACTION FEE: 0.00,MobileMoney,2026-09-24T13:06:00
Payment received for GHS 60.00 from ESI ADJEI Current Balance: GHS 1701.40 . Available Balance: GHS 1701.40. Reference: Oil. Transaction ID: 51174414286. TRANSACTION FEE: 0.00,MobileMoney,2026-09-24T14:58:00
"0000019450450666 Confirmed. You have received GHS30.00 from 233544903108 - ABENA MENSAH on 2026-09-24 at 15:29:00. Your Telecel Cash balance is GHS201.23.
Reference: 1.
Stay alert. Never share your PIN or OTP with anyone or click unknown links. Protect your personal information.",T-CASH,2026-09-24T15:29:00
Cash In received for GHS 200.00 from ADOM MOBILE MONEY ENTERPRISE . Current Balance GHS 1901.40  Available Balance GHS 1901.40. Transaction ID: 51174476404. Fee charged: GHS 0. Cash in (Deposit) is a free transaction on MTN Mobile Money. Please do not pay any fees for it.,MobileMoney,2026-09-24T16:14:00
Payment received for GHS 20.00 from ESI ADJEI Current Balance: GHS 1921.40 . Available Balance: GHS 1921.40. Reference: Goods. Transaction ID: 51174505546. TRANSACTION FEE: 0.00,MobileMoney,2026-09-25T08:53:00
"0000019450532825 Confirmed. You have received GHS45.00 from 233598522519 - ESI ADJEI on 2026-09-25 at 09:12:00. Your Telecel Cash balance is GHS246.23.
Reference: 1.
Stay alert. Never share your PIN or OTP with anyone or click unknown links. Protect your personal information.",T-CASH,2026-09-25T09:12:00
"Payment for GHS1153.00 to KUMASI WHOLESALE PROVISIONS .Current Balance: GHS 768.40. Transaction Id: 51174583883. Fee charged: GHS0.00,Tax Charged 0.Download the MoMo App for a Faster & Easier Experience. Click here: https://mtnmymomo.onelink.me/XJOt/MoMo",MobileMoney,2026-09-25T10:12:00
Payment received for GHS 20.00 from KOFI ASANTE Current Balance: GHS 788.40 . Available Balance: GHS 788.40. Reference: Goods. Transaction ID: 51174652769. TRANSACTION FEE: 0.00,MobileMoney,2026-09-26T10:37:00
Payment received for GHS 85.00 from ABENA BOATENG Current Balance: GHS 873.40 . Available Balance: GHS 873.40. Reference: Payment. Transaction ID: 51174710792. TRANSACTION FEE: 0.00,MobileMoney,2026-09-27T11:08:00
Payment received for GHS 120.00 from ABENA MENSAH Current Balance: GHS 993.40 . Available Balance: GHS 993.40. Reference: Oil. Transaction ID: 51174727046. TRANSACTION FEE: 0.00,MobileMoney,2026-09-27T13:16:00
Payment received for GHS 50.00 from ABENA MENSAH Current Balance: GHS 1043.40 . Available Balance: GHS 1043.40. Reference: Oil. Transaction ID: 51174759738. TRANSACTION FEE: 0.00,MobileMoney,2026-09-27T14:27:00
0000019450594952 Confirmed. You bought GHS10.00 of airtime for 233201234567 on 2026-09-27 at 16:27:00. Your Telecel Cash balance is GHS236.23.,T-CASH,2026-09-27T16:27:00
Transaction ID: 0000019450594952 confirmed from 555. You have received airtime of GHS10.00 from 233201234567 - AMA SERWAA on 2026-09-27 at 16:27:00.,T-CASH,2026-09-27T16:27:00
0000019450636351 Confirmed. GHS118.00 sent to 0541234567 - YAA MENSAH on MTN MOBILE MONEY on 2026-09-27 at 16:30:00. Your Telecel Cash balance is GHS117.64. You were charged GHS0.59. Your E-levy charge is GHS0.00. Do more with Telecel Cash! Reference: Upkeep . Sendi k3k3!,T-CASH,2026-09-27T16:30:00
Payment received for GHS 25.00 from ABENA BOATENG Current Balance: GHS 1068.40 . Available Balance: GHS 1068.40. Reference: Goods. Transaction ID: 51174792410. TRANSACTION FEE: 0.00,MobileMoney,2026-09-28T09:08:00
Payment received for GHS 150.00 from ABENA MENSAH Current Balance: GHS 1218.40 . Available Balance: GHS 1218.40. Reference: Rice. Transaction ID: 51174817726. TRANSACTION FEE: 0.00,MobileMoney,2026-09-28T10:27:00
Payment received for GHS 15.00 from NANA BOATENG Current Balance: GHS 1233.40 . Available Balance: GHS 1233.40. Reference: Rice. Transaction ID: 51174894039. TRANSACTION FEE: 0.00,MobileMoney,2026-09-28T11:28:00
Payment received for GHS 20.00 from KWAME MENSAH Current Balance: GHS 1253.40 . Available Balance: GHS 1253.40. Reference: Provisions. Transaction ID: 51174922182. TRANSACTION FEE: 0.00,MobileMoney,2026-09-28T11:55:00
"Payment for GHS150.00 to Sika Quick Loan .Current Balance: GHS 1103.40. Transaction Id: 51174999810. Fee charged: GHS0.00,Tax Charged 0.Download the MoMo App for a Faster & Easier Experience. Click here: https://mtnmymomo.onelink.me/XJOt/MoMo",MobileMoney,2026-09-28T12:00:00
Payment received for GHS 120.00 from ABENA MENSAH Current Balance: GHS 1223.40 . Available Balance: GHS 1223.40. Reference: Provisions. Transaction ID: 51175082841. TRANSACTION FEE: 0.00,MobileMoney,2026-09-29T10:18:00
Payment received for GHS 25.00 from ABENA BOATENG Current Balance: GHS 1248.40 . Available Balance: GHS 1248.40. Reference: Oil. Transaction ID: 51175097601. TRANSACTION FEE: 0.00,MobileMoney,2026-09-29T12:30:00
Cash Out made for GHS100.00 to ADOM MOBILE MONEY ENTERPRISE . Current Balance: GHS1147.40 Financial Transaction Id: 51175128680. Cash-out fee is charged automatically from your MTN MoMo wallet. Please do not pay any fees to the Agent. Thank you for using MTN MobileMoney. Fee charged: GHS1.00.,MobileMoney,2026-09-29T13:00:00
Payment received for GHS 35.00 from YAW ASANTE Current Balance: GHS 1182.40 . Available Balance: GHS 1182.40. Reference: Payment. Transaction ID: 51175156221. TRANSACTION FEE: 0.00,MobileMoney,2026-09-30T09:06:00
Payment received for GHS 50.00 from AKUA DARKO Current Balance: GHS 1232.40 . Available Balance: GHS 1232.40. Reference: Payment. Transaction ID: 51175170343. TRANSACTION FEE: 0.00,MobileMoney,2026-09-30T10:25:00
Payment received for GHS 40.00 from AFIA ASANTE Current Balance: GHS 1272.40 . Available Balance: GHS 1272.40. Reference: Payment. Transaction ID: 51175198671. TRANSACTION FEE: 0.00,MobileMoney,2026-10-01T08:46:00
Payment received for GHS 85.00 from ABENA MENSAH Current Balance: GHS 1357.40 . Available Balance: GHS 1357.40. Reference: Payment. Transaction ID: 51175205108. TRANSACTION FEE: 0.00,MobileMoney,2026-10-01T09:54:00
Payment received for GHS 60.00 from KWAME MENSAH Current Balance: GHS 1417.40 . Available Balance: GHS 1417.40. Reference: Goods. Transaction ID: 51175248359. TRANSACTION FEE: 0.00,MobileMoney,2026-10-01T11:59:00
"0000019450704090 Confirmed. You have received GHS70.00 from 233572610347 - NANA BOATENG on 2026-10-01 at 12:34:00. Your Telecel Cash balance is GHS187.64.
Reference: 1.
Stay alert. Never share your PIN or OTP with anyone or click unknown links. Protect your personal information.",T-CASH,2026-10-01T12:34:00
